[
    {
        "beginVertex": 0,
        "endVertex": 21980,
        "height": 841.91998291015625,
        "width": 595.32000732421875
    },
    {
        "beginVertex": 21980,
        "endVertex": 48828,
        "height": 841.91998291015625,
        "width": 595.32000732421875
    },
    {
        "beginVertex": 48828,
        "endVertex": 65908,
        "height": 841.91998291015625,
        "width": 595.32000732421875
    },
    {
        "beginVertex": 65908,
        "endVertex": 76764,
        "height": 841.91998291015625,
        "width": 595.32000732421875
    },
    {
        "beginVertex": 76764,
        "endVertex": 89704,
        "height": 841.91998291015625,
        "width": 595.32000732421875
    },
    {
        "beginVertex": 89704,
        "endVertex": 101828,
        "height": 841.91998291015625,
        "width": 595.32000732421875
    },
    {
        "beginVertex": 101828,
        "endVertex": 111396,
        "height": 841.91998291015625,
        "width": 595.32000732421875
    },
    {
        "beginVertex": 111396,
        "endVertex": 124524,
        "height": 841.91998291015625,
        "width": 595.32000732421875
    },
    {
        "beginVertex": 124524,
        "endVertex": 139064,
        "height": 841.91998291015625,
        "width": 595.32000732421875
    },
    {
        "beginVertex": 139064,
        "endVertex": 149860,
        "height": 841.91998291015625,
        "width": 595.32000732421875
    },
    {
        "beginVertex": 149860,
        "endVertex": 160152,
        "height": 841.91998291015625,
        "width": 595.32000732421875
    },
    {
        "beginVertex": 160152,
        "endVertex": 169460,
        "height": 841.91998291015625,
        "width": 595.32000732421875
    },
    {
        "beginVertex": 169460,
        "endVertex": 176732,
        "height": 841.91998291015625,
        "width": 595.32000732421875
    },
    {
        "beginVertex": 176732,
        "endVertex": 187768,
        "height": 841.91998291015625,
        "width": 595.32000732421875
    },
    {
        "beginVertex": 187768,
        "endVertex": 200716,
        "height": 841.91998291015625,
        "width": 595.32000732421875
    },
    {
        "beginVertex": 200716,
        "endVertex": 212500,
        "height": 841.91998291015625,
        "width": 595.32000732421875
    },
    {
        "beginVertex": 212500,
        "endVertex": 222752,
        "height": 841.91998291015625,
        "width": 595.32000732421875
    },
    {
        "beginVertex": 222752,
        "endVertex": 234904,
        "height": 841.91998291015625,
        "width": 595.32000732421875
    },
    {
        "beginVertex": 234904,
        "endVertex": 246392,
        "height": 841.91998291015625,
        "width": 595.32000732421875
    },
    {
        "beginVertex": 246392,
        "endVertex": 256256,
        "height": 841.91998291015625,
        "width": 595.32000732421875
    },
    {
        "beginVertex": 256256,
        "endVertex": 266056,
        "height": 841.91998291015625,
        "width": 595.32000732421875
    },
    {
        "beginVertex": 266056,
        "endVertex": 276964,
        "height": 841.91998291015625,
        "width": 595.32000732421875
    },
    {
        "beginVertex": 276964,
        "endVertex": 289280,
        "height": 841.91998291015625,
        "width": 595.32000732421875
    },
    {
        "beginVertex": 289280,
        "endVertex": 301376,
        "height": 841.91998291015625,
        "width": 595.32000732421875
    },
    {
        "beginVertex": 301376,
        "endVertex": 313548,
        "height": 841.91998291015625,
        "width": 595.32000732421875
    },
    {
        "beginVertex": 313548,
        "endVertex": 324288,
        "height": 841.91998291015625,
        "width": 595.32000732421875
    },
    {
        "beginVertex": 324288,
        "endVertex": 334768,
        "height": 841.91998291015625,
        "width": 595.32000732421875
    },
    {
        "beginVertex": 334768,
        "endVertex": 344432,
        "height": 841.91998291015625,
        "width": 595.32000732421875
    },
    {
        "beginVertex": 344432,
        "endVertex": 353720,
        "height": 841.91998291015625,
        "width": 595.32000732421875
    },
    {
        "beginVertex": 353720,
        "endVertex": 363912,
        "height": 841.91998291015625,
        "width": 595.32000732421875
    },
    {
        "beginVertex": 363912,
        "endVertex": 374356,
        "height": 841.91998291015625,
        "width": 595.32000732421875
    },
    {
        "beginVertex": 374356,
        "endVertex": 383320,
        "height": 841.91998291015625,
        "width": 595.32000732421875
    },
    {
        "beginVertex": 383320,
        "endVertex": 393016,
        "height": 841.91998291015625,
        "width": 595.32000732421875
    },
    {
        "beginVertex": 393016,
        "endVertex": 400756,
        "height": 841.91998291015625,
        "width": 595.32000732421875
    },
    {
        "beginVertex": 400756,
        "endVertex": 406724,
        "height": 841.91998291015625,
        "width": 595.32000732421875
    },
    {
        "beginVertex": 406724,
        "endVertex": 414756,
        "height": 841.91998291015625,
        "width": 595.32000732421875
    },
    {
        "beginVertex": 414756,
        "endVertex": 426440,
        "height": 841.91998291015625,
        "width": 595.32000732421875
    },
    {
        "beginVertex": 426440,
        "endVertex": 437160,
        "height": 841.91998291015625,
        "width": 595.32000732421875
    },
    {
        "beginVertex": 437160,
        "endVertex": 445432,
        "height": 841.91998291015625,
        "width": 595.32000732421875
    },
    {
        "beginVertex": 445432,
        "endVertex": 453224,
        "height": 841.91998291015625,
        "width": 595.32000732421875
    },
    {
        "beginVertex": 453224,
        "endVertex": 460048,
        "height": 841.91998291015625,
        "width": 595.32000732421875
    },
    {
        "beginVertex": 460048,
        "endVertex": 469484,
        "height": 841.91998291015625,
        "width": 595.32000732421875
    },
    {
        "beginVertex": 469484,
        "endVertex": 479120,
        "height": 841.91998291015625,
        "width": 595.32000732421875
    },
    {
        "beginVertex": 479120,
        "endVertex": 492256,
        "height": 841.91998291015625,
        "width": 595.32000732421875
    },
    {
        "beginVertex": 492256,
        "endVertex": 499052,
        "height": 841.91998291015625,
        "width": 595.32000732421875
    },
    {
        "beginVertex": 499052,
        "endVertex": 506516,
        "height": 841.91998291015625,
        "width": 595.32000732421875
    },
    {
        "beginVertex": 506516,
        "endVertex": 515148,
        "height": 841.91998291015625,
        "width": 595.32000732421875
    },
    {
        "beginVertex": 515148,
        "endVertex": 525548,
        "height": 841.91998291015625,
        "width": 595.32000732421875
    },
    {
        "beginVertex": 525548,
        "endVertex": 534988,
        "height": 841.91998291015625,
        "width": 595.32000732421875
    },
    {
        "beginVertex": 534988,
        "endVertex": 546112,
        "height": 841.91998291015625,
        "width": 595.32000732421875
    },
    {
        "beginVertex": 546112,
        "endVertex": 556064,
        "height": 841.91998291015625,
        "width": 595.32000732421875
    },
    {
        "beginVertex": 556064,
        "endVertex": 563848,
        "height": 841.91998291015625,
        "width": 595.32000732421875
    },
    {
        "beginVertex": 563848,
        "endVertex": 573124,
        "height": 841.91998291015625,
        "width": 595.32000732421875
    },
    {
        "beginVertex": 573124,
        "endVertex": 584008,
        "height": 841.91998291015625,
        "width": 595.32000732421875
    },
    {
        "beginVertex": 584008,
        "endVertex": 591584,
        "height": 841.91998291015625,
        "width": 595.32000732421875
    },
    {
        "beginVertex": 591584,
        "endVertex": 596692,
        "height": 841.91998291015625,
        "width": 595.32000732421875
    },
    {
        "beginVertex": 596692,
        "endVertex": 604552,
        "height": 841.91998291015625,
        "width": 595.32000732421875
    },
    {
        "beginVertex": 604552,
        "endVertex": 611004,
        "height": 841.91998291015625,
        "width": 595.32000732421875
    },
    {
        "beginVertex": 611004,
        "endVertex": 617412,
        "height": 841.91998291015625,
        "width": 595.32000732421875
    },
    {
        "beginVertex": 617412,
        "endVertex": 629472,
        "height": 841.91998291015625,
        "width": 595.32000732421875
    },
    {
        "beginVertex": 629472,
        "endVertex": 638072,
        "height": 841.91998291015625,
        "width": 595.32000732421875
    },
    {
        "beginVertex": 638072,
        "endVertex": 648724,
        "height": 841.91998291015625,
        "width": 595.32000732421875
    },
    {
        "beginVertex": 648724,
        "endVertex": 659484,
        "height": 841.91998291015625,
        "width": 595.32000732421875
    },
    {
        "beginVertex": 659484,
        "endVertex": 668208,
        "height": 841.91998291015625,
        "width": 595.32000732421875
    },
    {
        "beginVertex": 668208,
        "endVertex": 677080,
        "height": 841.91998291015625,
        "width": 595.32000732421875
    },
    {
        "beginVertex": 677080,
        "endVertex": 684120,
        "height": 841.91998291015625,
        "width": 595.32000732421875
    },
    {
        "beginVertex": 684120,
        "endVertex": 688688,
        "height": 841.91998291015625,
        "width": 595.32000732421875
    },
    {
        "beginVertex": 688688,
        "endVertex": 695520,
        "height": 841.91998291015625,
        "width": 595.32000732421875
    },
    {
        "beginVertex": 695520,
        "endVertex": 698152,
        "height": 841.91998291015625,
        "width": 595.32000732421875
    },
    {
        "beginVertex": 698152,
        "endVertex": 702168,
        "height": 841.91998291015625,
        "width": 595.32000732421875
    },
    {
        "beginVertex": 702168,
        "endVertex": 708900,
        "height": 841.91998291015625,
        "width": 595.32000732421875
    },
    {
        "beginVertex": 708900,
        "endVertex": 718412,
        "height": 841.91998291015625,
        "width": 595.32000732421875
    },
    {
        "beginVertex": 718412,
        "endVertex": 727812,
        "height": 841.91998291015625,
        "width": 595.32000732421875
    },
    {
        "beginVertex": 727812,
        "endVertex": 735196,
        "height": 841.91998291015625,
        "width": 595.32000732421875
    },
    {
        "beginVertex": 735196,
        "endVertex": 739980,
        "height": 841.91998291015625,
        "width": 595.32000732421875
    },
    {
        "beginVertex": 739980,
        "endVertex": 745356,
        "height": 841.91998291015625,
        "width": 595.32000732421875
    },
    {
        "beginVertex": 745356,
        "endVertex": 753084,
        "height": 841.91998291015625,
        "width": 595.32000732421875
    },
    {
        "beginVertex": 753084,
        "endVertex": 762976,
        "height": 841.91998291015625,
        "width": 595.32000732421875
    },
    {
        "beginVertex": 762976,
        "endVertex": 772196,
        "height": 841.91998291015625,
        "width": 595.32000732421875
    },
    {
        "beginVertex": 772196,
        "endVertex": 782832,
        "height": 841.91998291015625,
        "width": 595.32000732421875
    },
    {
        "beginVertex": 782832,
        "endVertex": 794924,
        "height": 841.91998291015625,
        "width": 595.32000732421875
    },
    {
        "beginVertex": 794924,
        "endVertex": 806152,
        "height": 841.91998291015625,
        "width": 595.32000732421875
    },
    {
        "beginVertex": 806152,
        "endVertex": 816060,
        "height": 841.91998291015625,
        "width": 595.32000732421875
    },
    {
        "beginVertex": 816060,
        "endVertex": 827176,
        "height": 841.91998291015625,
        "width": 595.32000732421875
    },
    {
        "beginVertex": 827176,
        "endVertex": 837108,
        "height": 841.91998291015625,
        "width": 595.32000732421875
    },
    {
        "beginVertex": 837108,
        "endVertex": 846464,
        "height": 841.91998291015625,
        "width": 595.32000732421875
    },
    {
        "beginVertex": 846464,
        "endVertex": 856932,
        "height": 841.91998291015625,
        "width": 595.32000732421875
    },
    {
        "beginVertex": 856932,
        "endVertex": 869912,
        "height": 841.91998291015625,
        "width": 595.32000732421875
    },
    {
        "beginVertex": 869912,
        "endVertex": 875320,
        "height": 841.91998291015625,
        "width": 595.32000732421875
    },
    {
        "beginVertex": 875320,
        "endVertex": 882680,
        "height": 841.91998291015625,
        "width": 595.32000732421875
    },
    {
        "beginVertex": 882680,
        "endVertex": 892872,
        "height": 841.91998291015625,
        "width": 595.32000732421875
    },
    {
        "beginVertex": 892872,
        "endVertex": 902328,
        "height": 841.91998291015625,
        "width": 595.32000732421875
    },
    {
        "beginVertex": 902328,
        "endVertex": 913620,
        "height": 841.91998291015625,
        "width": 595.32000732421875
    },
    {
        "beginVertex": 913620,
        "endVertex": 924688,
        "height": 841.91998291015625,
        "width": 595.32000732421875
    },
    {
        "beginVertex": 924688,
        "endVertex": 936312,
        "height": 841.91998291015625,
        "width": 595.32000732421875
    },
    {
        "beginVertex": 936312,
        "endVertex": 945876,
        "height": 841.91998291015625,
        "width": 595.32000732421875
    },
    {
        "beginVertex": 945876,
        "endVertex": 954312,
        "height": 841.91998291015625,
        "width": 595.32000732421875
    },
    {
        "beginVertex": 954312,
        "endVertex": 963116,
        "height": 841.91998291015625,
        "width": 595.32000732421875
    },
    {
        "beginVertex": 963116,
        "endVertex": 972388,
        "height": 841.91998291015625,
        "width": 595.32000732421875
    },
    {
        "beginVertex": 972388,
        "endVertex": 979112,
        "height": 841.91998291015625,
        "width": 595.32000732421875
    },
    {
        "beginVertex": 979112,
        "endVertex": 990992,
        "height": 841.91998291015625,
        "width": 595.32000732421875
    },
    {
        "beginVertex": 990992,
        "endVertex": 1003896,
        "height": 841.91998291015625,
        "width": 595.32000732421875
    },
    {
        "beginVertex": 1003896,
        "endVertex": 1014704,
        "height": 841.91998291015625,
        "width": 595.32000732421875
    },
    {
        "beginVertex": 1014704,
        "endVertex": 1024148,
        "height": 841.91998291015625,
        "width": 595.32000732421875
    },
    {
        "beginVertex": 1024148,
        "endVertex": 1036512,
        "height": 841.91998291015625,
        "width": 595.32000732421875
    },
    {
        "beginVertex": 1036512,
        "endVertex": 1043780,
        "height": 841.91998291015625,
        "width": 595.32000732421875
    },
    {
        "beginVertex": 1043780,
        "endVertex": 1053584,
        "height": 841.91998291015625,
        "width": 595.32000732421875
    },
    {
        "beginVertex": 1053584,
        "endVertex": 1061956,
        "height": 841.91998291015625,
        "width": 595.32000732421875
    },
    {
        "beginVertex": 1061956,
        "endVertex": 1070168,
        "height": 841.91998291015625,
        "width": 595.32000732421875
    },
    {
        "beginVertex": 1070168,
        "endVertex": 1079492,
        "height": 841.91998291015625,
        "width": 595.32000732421875
    },
    {
        "beginVertex": 1079492,
        "endVertex": 1088168,
        "height": 841.91998291015625,
        "width": 595.32000732421875
    },
    {
        "beginVertex": 1088168,
        "endVertex": 1094536,
        "height": 841.91998291015625,
        "width": 595.32000732421875
    },
    {
        "beginVertex": 1094536,
        "endVertex": 1103012,
        "height": 841.91998291015625,
        "width": 595.32000732421875
    },
    {
        "beginVertex": 1103012,
        "endVertex": 1108848,
        "height": 841.91998291015625,
        "width": 595.32000732421875
    },
    {
        "beginVertex": 1108848,
        "endVertex": 1115440,
        "height": 841.91998291015625,
        "width": 595.32000732421875
    },
    {
        "beginVertex": 1115440,
        "endVertex": 1124332,
        "height": 841.91998291015625,
        "width": 595.32000732421875
    },
    {
        "beginVertex": 1124332,
        "endVertex": 1131172,
        "height": 841.91998291015625,
        "width": 595.32000732421875
    },
    {
        "beginVertex": 1131172,
        "endVertex": 1139600,
        "height": 841.91998291015625,
        "width": 595.32000732421875
    },
    {
        "beginVertex": 1139600,
        "endVertex": 1151432,
        "height": 841.91998291015625,
        "width": 595.32000732421875
    },
    {
        "beginVertex": 1151432,
        "endVertex": 1160568,
        "height": 841.91998291015625,
        "width": 595.32000732421875
    },
    {
        "beginVertex": 1160568,
        "endVertex": 1170104,
        "height": 841.91998291015625,
        "width": 595.32000732421875
    },
    {
        "beginVertex": 1170104,
        "endVertex": 1180272,
        "height": 841.91998291015625,
        "width": 595.32000732421875
    },
    {
        "beginVertex": 1180272,
        "endVertex": 1193288,
        "height": 841.91998291015625,
        "width": 595.32000732421875
    },
    {
        "beginVertex": 1193288,
        "endVertex": 1206204,
        "height": 841.91998291015625,
        "width": 595.32000732421875
    },
    {
        "beginVertex": 1206204,
        "endVertex": 1220644,
        "height": 841.91998291015625,
        "width": 595.32000732421875
    },
    {
        "beginVertex": 1220644,
        "endVertex": 1231668,
        "height": 841.91998291015625,
        "width": 595.32000732421875
    },
    {
        "beginVertex": 1231668,
        "endVertex": 1241288,
        "height": 841.91998291015625,
        "width": 595.32000732421875
    },
    {
        "beginVertex": 1241288,
        "endVertex": 1249060,
        "height": 841.91998291015625,
        "width": 595.32000732421875
    },
    {
        "beginVertex": 1249060,
        "endVertex": 1254776,
        "height": 841.91998291015625,
        "width": 595.32000732421875
    },
    {
        "beginVertex": 1254776,
        "endVertex": 1266264,
        "height": 841.91998291015625,
        "width": 595.32000732421875
    },
    {
        "beginVertex": 1266264,
        "endVertex": 1277100,
        "height": 841.91998291015625,
        "width": 595.32000732421875
    },
    {
        "beginVertex": 1277100,
        "endVertex": 1285660,
        "height": 841.91998291015625,
        "width": 595.32000732421875
    },
    {
        "beginVertex": 1285660,
        "endVertex": 1294312,
        "height": 841.91998291015625,
        "width": 595.32000732421875
    },
    {
        "beginVertex": 1294312,
        "endVertex": 1300188,
        "height": 841.91998291015625,
        "width": 595.32000732421875
    },
    {
        "beginVertex": 1300188,
        "endVertex": 1307808,
        "height": 841.91998291015625,
        "width": 595.32000732421875
    },
    {
        "beginVertex": 1307808,
        "endVertex": 1317536,
        "height": 841.91998291015625,
        "width": 595.32000732421875
    },
    {
        "beginVertex": 1317536,
        "endVertex": 1325644,
        "height": 841.91998291015625,
        "width": 595.32000732421875
    },
    {
        "beginVertex": 1325644,
        "endVertex": 1332280,
        "height": 841.91998291015625,
        "width": 595.32000732421875
    },
    {
        "beginVertex": 1332280,
        "endVertex": 1336864,
        "height": 841.91998291015625,
        "width": 595.32000732421875
    },
    {
        "beginVertex": 1336864,
        "endVertex": 1343128,
        "height": 841.91998291015625,
        "width": 595.32000732421875
    },
    {
        "beginVertex": 1343128,
        "endVertex": 1352336,
        "height": 841.91998291015625,
        "width": 595.32000732421875
    },
    {
        "beginVertex": 1352336,
        "endVertex": 1360580,
        "height": 841.91998291015625,
        "width": 595.32000732421875
    },
    {
        "beginVertex": 1360580,
        "endVertex": 1365788,
        "height": 841.91998291015625,
        "width": 595.32000732421875
    },
    {
        "beginVertex": 1365788,
        "endVertex": 1372320,
        "height": 841.91998291015625,
        "width": 595.32000732421875
    },
    {
        "beginVertex": 1372320,
        "endVertex": 1381744,
        "height": 841.91998291015625,
        "width": 595.32000732421875
    },
    {
        "beginVertex": 1381744,
        "endVertex": 1392452,
        "height": 841.91998291015625,
        "width": 595.32000732421875
    },
    {
        "beginVertex": 1392452,
        "endVertex": 1403196,
        "height": 841.91998291015625,
        "width": 595.32000732421875
    },
    {
        "beginVertex": 1403196,
        "endVertex": 1415688,
        "height": 841.91998291015625,
        "width": 595.32000732421875
    },
    {
        "beginVertex": 1415688,
        "endVertex": 1427872,
        "height": 841.91998291015625,
        "width": 595.32000732421875
    },
    {
        "beginVertex": 1427872,
        "endVertex": 1437640,
        "height": 841.91998291015625,
        "width": 595.32000732421875
    },
    {
        "beginVertex": 1437640,
        "endVertex": 1445948,
        "height": 841.91998291015625,
        "width": 595.32000732421875
    },
    {
        "beginVertex": 1445948,
        "endVertex": 1451732,
        "height": 841.91998291015625,
        "width": 595.32000732421875
    },
    {
        "beginVertex": 1451732,
        "endVertex": 1463604,
        "height": 841.91998291015625,
        "width": 595.32000732421875
    },
    {
        "beginVertex": 1463604,
        "endVertex": 1472080,
        "height": 841.91998291015625,
        "width": 595.32000732421875
    },
    {
        "beginVertex": 1472080,
        "endVertex": 1484524,
        "height": 841.91998291015625,
        "width": 595.32000732421875
    },
    {
        "beginVertex": 1484524,
        "endVertex": 1497100,
        "height": 841.91998291015625,
        "width": 595.32000732421875
    },
    {
        "beginVertex": 1497100,
        "endVertex": 1506260,
        "height": 841.91998291015625,
        "width": 595.32000732421875
    },
    {
        "beginVertex": 1506260,
        "endVertex": 1517844,
        "height": 841.91998291015625,
        "width": 595.32000732421875
    },
    {
        "beginVertex": 1517844,
        "endVertex": 1524240,
        "height": 841.91998291015625,
        "width": 595.32000732421875
    },
    {
        "beginVertex": 1524240,
        "endVertex": 1529580,
        "height": 841.91998291015625,
        "width": 595.32000732421875
    },
    {
        "beginVertex": 1529580,
        "endVertex": 1534768,
        "height": 841.91998291015625,
        "width": 595.32000732421875
    },
    {
        "beginVertex": 1534768,
        "endVertex": 1535624,
        "height": 841.91998291015625,
        "width": 595.32000732421875
    },
    {
        "beginVertex": 1535624,
        "endVertex": 1542864,
        "height": 841.91998291015625,
        "width": 595.32000732421875
    },
    {
        "beginVertex": 1542864,
        "endVertex": 1544920,
        "height": 841.91998291015625,
        "width": 595.32000732421875
    }
]
